HR,M1,M13,M19_C2,M25_C2,M5
,3,3,3,3,3
,0,7.149546,12.666612,15.277977,20.66623
0,H,B,B,B,B
0,H,B,B,B,B
0,H,B,B,B,B
0,H,B,B,B,B
0,H,B,B,B,B
0,H,B,B,B,B
0,H,B,B,B,B
0,H,B,B,B,B
0,H,B,B,B,B
0,H,B,B,B,B
0,H,B,B,B,B
0,H,B,B,B,B
0,H,B,B,B,B
0,H,B,B,B,B
0,H,-,B,B,B
0,H,-,B,B,H
0,B,B,H,H,H
0,B,B,H,H,H
0,B,B,H,H,H
0,B,B,H,H,H
0,B,B,H,H,H
0,B,B,H,H,H
0,B,B,H,H,H
0,B,B,H,H,H
0,B,B,H,H,H
0,B,B,H,H,H
0,H,B,H,H,H
0,B,-,B,B,-
0,-,-,B,B,-
0,-,H,H,H,-
NA,B,B,B,B,B
1,B,B,B,B,B
NA,B,B,B,B,B
1,B,B,B,B,B
1,B,B,B,B,B
1,B,B,B,B,B
1,B,B,B,B,B
1,B,B,B,B,B
1,B,B,B,B,H
1,B,B,B,B,H
1,B,B,A,B,A
1,B,B,A,B,A
1,H,B,B,B,B
NA,H,B,B,B,B
1,H,B,B,B,B
1,H,B,B,B,B
1,H,B,B,B,B
NA,H,B,B,B,B
1,H,B,B,B,B
1,H,B,B,B,B
1,H,H,B,B,B
1,H,H,B,B,B
1,H,H,B,B,B
1,H,H,B,B,B
1,H,H,B,B,B
1,H,H,B,B,B
1,H,H,B,B,B
1,H,H,B,B,B
1,H,H,B,B,B
1,H,H,B,B,B
1,A,H,B,B,B
1,A,H,B,B,B
NA,B,B,H,H,H
NA,B,B,H,H,H
1,B,B,H,H,H
1,B,B,H,H,H
1,B,H,H,H,H
1,B,H,H,H,H
1,B,H,H,H,H
1,B,H,H,H,H
1,B,H,H,H,H
1,B,H,H,H,H
1,B,H,H,H,H
1,B,H,H,H,H
1,B,H,H,H,H
1,B,H,H,H,H
1,B,H,H,H,H
1,B,H,H,H,H
1,B,H,H,H,H
1,B,H,H,H,H
1,B,H,H,H,H
1,B,H,H,H,H
1,B,H,H,H,H
1,B,H,H,H,H
1,B,A,H,H,H
1,B,A,H,H,H
1,B,H,H,H,A
1,B,H,A,A,A
0,-,-,-,-,-
0,-,-,-,-,-
0,-,-,-,-,-
0,-,-,-,-,-
0,H,H,H,H,H
0,H,H,H,H,H
0,H,H,H,H,H
0,H,H,H,H,H
0,H,H,H,H,H
0,H,H,H,H,H
0,H,-,H,H,H
0,A,H,H,H,H
0,A,A,A,A,H
0,A,A,A,A,A
0,A,A,A,A,A
0,A,A,A,A,A
0,B,B,B,B,B
0,B,B,B,B,B
0,B,B,B,B,B
0,B,B,B,B,B
0,B,B,B,B,B
0,B,B,B,B,B
0,B,B,B,B,B
0,B,B,B,B,B
0,B,B,B,B,B
0,B,B,B,B,B
0,B,B,B,B,B
0,B,B,B,B,B
0,B,B,B,B,B
0,B,B,B,B,B
0,B,B,B,B,B
0,B,B,B,B,B
0,B,B,B,B,B
0,B,B,B,B,B
0,B,B,B,B,B
0,B,B,B,B,B
0,B,B,B,B,B
0,B,B,B,B,B
0,B,B,B,B,B
0,B,B,B,B,B
0,B,B,B,B,B
0,B,B,B,B,B
0,B,B,B,B,B
0,B,B,B,B,B
0,B,B,B,B,B
0,B,B,B,B,B
0,B,B,B,B,B
0,B,B,B,B,B
0,B,B,B,B,B
0,B,B,B,B,B
0,B,B,B,B,B
0,B,B,B,B,B
0,B,B,B,B,B
0,B,B,B,B,B
0,B,B,B,B,B
0,B,B,B,B,B
0,B,B,B,B,B
0,B,B,B,B,B
0,B,B,B,B,B
0,B,B,B,B,B
0,B,B,B,B,B
0,B,B,B,B,B
0,B,B,B,B,B
0,B,B,B,B,B
0,B,B,B,B,B
0,B,B,B,B,B
0,B,B,B,B,B
0,B,B,B,B,B
0,B,B,B,B,B
0,B,B,B,B,B
0,B,B,B,B,B
0,B,B,B,B,B
0,B,B,B,B,B
0,B,B,B,B,B
0,B,B,B,B,B
0,B,B,B,B,B
0,B,B,B,B,B
0,B,B,B,B,B
0,B,B,B,B,B
0,B,B,B,B,B
0,B,B,B,B,B
0,B,B,B,B,B
0,B,B,B,B,B
0,B,B,B,B,B
0,B,B,B,B,B
0,B,B,B,B,B
0,B,B,B,B,B
0,B,B,B,B,B
0,B,B,B,B,B
0,B,B,B,B,B
0,B,B,B,B,B
0,B,B,B,B,B
0,B,B,B,B,B
0,B,B,B,B,B
0,B,B,B,B,B
0,B,B,B,B,B
0,B,B,B,B,B
0,B,B,B,B,B
0,B,B,B,B,B
0,B,B,B,B,B
0,B,B,B,B,B
0,B,B,B,B,B
0,B,B,B,B,B
0,B,B,B,B,H
0,B,B,B,B,H
0,B,B,B,B,H
0,B,B,B,B,H
0,B,B,B,B,H
0,B,B,B,B,H
0,B,B,B,B,H
0,B,B,B,B,H
0,B,B,B,B,H
0,B,B,B,B,H
0,B,B,B,B,H
0,B,B,B,H,A
0,B,B,B,H,H
0,B,B,B,H,H
0,B,B,B,H,H
0,B,B,B,H,H
0,B,B,B,H,H
0,B,B,B,H,H
0,B,B,B,H,H
0,B,B,B,H,H
0,B,B,B,H,H
0,B,B,B,H,H
0,B,B,B,H,H
1,H,H,H,B,B
1,H,H,H,B,B
1,H,H,H,B,B
1,H,H,H,B,B
1,H,H,H,B,B
1,H,H,H,B,B
1,H,H,H,B,B
1,H,H,H,B,B
1,H,H,H,H,B
1,H,H,H,H,B
1,H,H,H,H,B
1,H,H,H,H,B
1,H,H,H,H,B
1,H,H,H,H,B
1,H,H,H,H,B
1,H,H,H,H,B
1,H,H,H,H,B
1,A,H,H,H,B
1,A,H,H,H,B
1,A,H,H,H,B
1,A,A,A,A,B
1,H,H,H,H,H
1,H,H,H,H,H
1,H,H,H,H,H
1,H,H,H,H,H
1,H,H,H,H,H
1,H,H,H,H,H
1,H,H,H,H,H
1,H,H,H,H,H
1,H,H,H,H,H
1,H,H,H,H,H
1,H,H,H,H,H
1,H,H,H,H,H
1,H,H,H,H,H
1,H,H,H,H,H
1,H,H,H,H,H
1,H,H,H,H,H
1,H,H,H,H,H
1,H,H,H,H,H
1,H,H,H,H,H
1,H,H,H,H,H
1,H,H,H,H,H
1,H,H,H,H,H
1,H,H,H,H,H
1,H,H,H,H,H
1,H,H,H,H,H
1,H,H,H,H,H
1,H,H,H,H,H
1,H,H,H,H,H
1,H,H,H,H,H
1,H,H,H,H,H
1,H,H,H,H,H
1,H,H,H,H,H
1,H,H,H,H,H
1,H,H,H,H,H
1,H,H,H,H,H
1,H,H,H,H,H
1,H,H,H,H,H
1,H,H,H,H,H
1,H,H,H,H,H
1,H,H,H,H,H
1,H,H,H,H,H
1,H,H,H,H,H
1,H,H,H,H,H
1,H,H,H,H,H
1,H,H,H,H,H
1,H,H,H,H,H
1,H,H,H,H,H
1,H,H,H,H,H
1,H,H,H,H,H
1,H,H,H,H,H
1,H,H,H,H,H
1,H,H,H,H,H
1,H,H,H,H,H
1,H,H,H,H,H
1,H,H,H,H,H
1,H,H,H,H,H
1,H,H,H,H,H
1,H,H,H,H,H
1,H,H,H,H,H
1,H,H,H,H,H
1,H,H,H,H,H
1,H,H,H,H,H
1,H,H,H,H,H
1,H,H,H,H,H
1,H,H,H,H,H
1,H,H,H,H,H
1,H,H,H,H,H
1,H,H,H,H,H
1,H,H,H,H,H
1,H,H,H,H,H
1,H,H,H,H,H
1,H,H,H,H,H
1,H,H,H,H,H
1,H,H,H,H,H
1,H,H,H,H,H
1,H,H,H,H,H
1,H,H,H,H,H
1,H,H,H,H,H
1,H,H,H,H,H
1,H,H,H,H,H
1,H,H,H,H,H
1,H,H,H,H,H
1,H,H,H,H,H
1,H,H,H,H,H
1,H,H,H,H,H
1,H,H,H,H,H
1,H,H,H,H,H
1,H,H,H,H,H
1,H,H,H,H,H
1,H,H,H,H,H
1,H,H,H,H,H
1,H,H,H,H,H
1,H,H,H,H,H
1,H,H,H,H,H
1,H,H,H,H,H
1,H,H,H,H,H
1,H,H,H,H,H
1,H,H,H,H,H
1,H,H,H,H,H
1,H,H,H,H,H
1,H,H,H,H,H
1,H,H,H,H,H
1,H,H,H,H,H
1,H,H,H,H,H
1,H,H,H,H,H
1,H,H,H,H,H
1,H,H,H,H,H
1,H,H,H,H,H
1,H,H,H,H,H
1,H,H,H,H,H
1,H,H,H,H,H
1,H,H,H,H,H
1,H,H,H,H,H
1,H,H,H,H,H
1,H,H,H,H,H
1,H,H,H,H,H
1,H,H,H,H,H
1,H,H,H,H,H
1,H,H,H,H,H
1,H,H,H,H,H
1,H,H,H,H,H
1,H,H,H,H,H
1,H,H,H,H,H
1,H,H,H,H,H
1,H,H,H,H,H
1,H,H,H,H,H
1,H,H,H,H,H
1,H,H,H,H,H
1,H,H,H,H,H
1,H,H,H,H,H
1,H,H,H,H,H
1,H,H,H,H,H
1,H,H,H,H,H
1,H,H,H,H,H
1,H,H,H,H,H
1,H,H,H,H,H
1,H,H,H,H,H
1,H,H,H,H,H
1,H,H,H,H,H
1,H,H,H,H,H
1,H,H,H,H,H
1,H,H,H,H,H
1,H,H,H,H,H
1,H,H,H,H,H
1,H,H,H,H,H
1,H,H,H,H,H
1,H,H,H,H,H
1,H,H,H,H,H
1,H,H,H,H,H
1,H,H,H,H,H
1,H,H,H,H,H
1,H,H,H,H,H
1,H,H,H,H,H
1,H,H,H,H,H
1,H,H,H,H,H
1,H,H,H,H,H
1,H,H,H,H,H
1,H,H,H,H,H
1,H,H,H,H,H
1,H,H,H,H,H
1,H,H,H,H,H
1,H,H,H,H,H
1,H,H,H,H,H
1,H,H,H,H,H
1,H,H,H,H,H
1,H,H,H,H,H
1,H,H,H,H,H
1,H,H,H,H,H
1,H,H,H,H,H
1,H,H,H,H,H
1,H,H,H,H,H
1,H,H,H,H,H
1,H,H,H,H,H
1,H,H,H,H,H
1,H,H,H,H,H
1,H,H,H,H,H
1,H,H,H,H,H
1,H,H,H,H,H
1,H,H,H,H,H
1,H,H,H,H,H
1,H,H,H,H,H
1,H,H,H,H,H
1,H,H,H,H,H
1,H,H,H,H,H
1,H,H,H,H,H
1,H,H,H,H,H
1,H,H,H,H,H
1,H,H,H,H,H
1,H,H,H,H,H
1,H,H,H,H,H
1,H,H,H,H,H
1,H,H,H,H,H
1,H,H,H,H,H
1,H,H,H,H,H
1,H,H,H,H,H
1,H,H,H,H,H
1,H,H,H,H,H
1,H,H,H,H,H
1,H,H,H,H,H
1,H,H,H,H,H
1,H,H,H,H,H
1,H,H,H,H,H
1,H,H,H,H,H
1,H,H,H,H,H
1,H,H,H,H,H
1,H,H,H,H,H
1,H,H,H,H,H
1,H,H,H,H,H
1,H,H,H,H,H
1,H,H,H,H,H
1,H,H,H,H,H
1,H,H,H,H,H
1,H,H,H,H,H
1,H,H,H,H,H
1,H,H,H,H,H
1,H,H,H,H,H
1,H,H,H,H,H
1,H,H,H,H,H
1,H,H,H,H,H
1,H,H,H,H,H
1,H,H,H,H,H
1,H,H,H,H,H
1,H,H,H,H,H
1,H,H,H,H,H
1,H,H,H,H,H
1,H,H,H,H,H
1,H,H,H,H,H
1,H,H,H,H,H
1,H,-,H,H,H
1,H,H,H,-,H
1,H,A,H,H,H
1,H,H,A,A,H
1,H,H,A,A,H
1,A,H,H,H,H
1,A,H,H,H,H
1,A,H,H,H,H
1,A,H,H,H,H
1,A,H,H,H,H
1,A,H,H,H,H
1,A,H,H,H,H
1,A,H,H,H,H
1,A,H,H,H,H
1,A,H,H,H,H
1,A,H,H,H,H
1,A,H,H,H,H
1,A,H,H,H,H
1,A,H,H,H,H
1,A,A,H,H,H
1,A,A,H,H,H
1,A,A,H,H,H
1,A,A,H,H,H
1,A,A,H,H,H
1,A,A,H,H,H
1,A,A,H,H,H
1,A,A,H,H,H
1,A,A,H,H,H
1,A,A,H,H,H
1,A,A,H,H,H
1,A,A,H,H,H
1,A,A,H,H,H
1,A,A,H,H,H
1,A,A,H,H,H
1,A,A,H,H,H
1,A,A,H,H,H
1,A,A,H,H,H
1,A,A,H,H,H
1,A,A,H,H,H
1,A,A,H,H,H
1,A,A,A,H,H
1,A,A,A,H,H
1,A,A,A,H,H
1,A,A,A,H,H
1,A,A,A,H,H
1,A,A,A,H,H
1,A,A,A,H,H
1,A,A,A,H,H
1,A,A,A,H,H
1,A,A,A,A,H
1,A,A,A,A,H
1,A,A,A,A,H
1,A,A,A,A,H
1,A,A,A,A,H
1,A,A,A,A,H
1,A,A,A,A,H
1,A,A,A,A,H
1,A,A,A,A,H
1,A,A,A,A,H
1,A,A,A,A,H
1,A,A,A,A,H
1,A,A,A,A,H
1,A,A,A,A,H
1,A,A,A,A,H
1,A,A,A,A,H
1,A,A,A,A,H
1,H,H,H,H,A
1,H,H,H,H,A
1,H,H,H,H,A
1,H,H,H,H,A
1,H,H,H,H,A
1,H,H,H,H,A
1,H,H,H,H,A
1,H,H,H,H,A
1,H,H,H,H,A
1,H,H,H,H,A
1,H,H,H,H,A
1,H,H,H,H,A
1,H,H,H,H,A
1,H,H,H,H,A
1,H,H,H,H,A
1,H,H,H,A,A
1,H,H,H,A,A
1,H,H,H,A,A
1,H,H,H,A,A
1,H,H,H,A,A
1,H,H,A,A,A
1,H,H,A,A,A
1,H,H,A,A,A
1,H,H,A,A,A
1,H,H,A,A,A
1,H,H,A,A,A
1,H,H,A,A,A
1,H,H,A,A,A
1,H,H,A,A,A
1,H,H,A,A,A
1,H,H,A,A,A
1,H,H,A,A,A
1,H,A,A,A,A
1,H,A,A,A,A
1,H,A,A,A,A
1,H,A,A,A,A
1,H,A,A,A,A
1,H,A,A,A,A
1,H,A,A,A,A
1,H,A,A,A,A
1,H,A,A,A,A
1,H,A,A,A,A
1,H,A,A,A,A
1,H,A,A,A,A
1,H,A,A,A,A
1,H,A,A,A,A
1,H,A,A,A,A
1,H,A,A,A,A
1,H,A,A,A,A
1,H,A,A,A,A
1,H,A,A,A,A
1,A,A,A,A,A
1,A,A,A,A,A
1,A,A,A,A,A
1,A,A,A,A,A
1,A,A,A,A,A
1,A,A,A,A,A
1,A,A,A,A,A
1,A,A,A,A,A
1,A,A,A,A,A
1,A,A,A,A,A
1,A,A,A,A,A
1,A,A,A,A,A
1,A,A,A,A,A
1,A,A,A,A,A
1,A,A,A,A,A
1,A,A,A,A,A
1,A,A,A,A,A
1,A,A,A,A,A
1,A,A,A,A,A
1,A,A,A,A,A
1,A,A,A,A,A
1,A,A,A,A,A
1,A,A,A,A,A
1,A,A,A,A,A
1,A,A,A,A,A
1,A,A,A,A,A
1,A,A,A,A,A
1,A,A,A,A,A
1,A,A,A,A,A
1,A,A,A,A,A
1,A,A,A,A,A
1,A,A,A,A,A
1,A,A,A,A,A
1,A,A,A,A,A
1,A,A,A,A,A
1,A,A,A,A,A
1,A,A,A,A,A
1,A,A,A,A,A
1,A,A,A,A,A
1,A,A,A,A,A
1,A,A,A,A,A
1,A,A,A,A,A
1,A,A,A,A,A
1,A,A,A,A,A
1,A,A,A,A,A
1,A,A,A,A,A
1,A,A,A,A,A
1,A,A,A,A,A
1,A,A,A,A,A
1,A,A,A,A,A
1,A,A,A,A,A
1,A,A,A,A,A
1,A,A,A,A,A
1,A,A,A,A,A
1,A,A,A,A,A
1,A,A,A,A,A
1,A,A,A,A,A
1,A,A,A,A,A
1,A,A,A,A,A
1,A,A,A,A,A
1,A,A,A,A,A
1,A,A,A,A,A
1,A,A,A,A,A
1,A,A,A,A,A
1,A,A,A,A,A
1,A,A,A,A,A
1,A,A,A,A,A
1,A,A,A,A,A
1,A,A,A,A,A
1,A,A,A,A,A
1,A,A,A,A,A
1,A,A,A,A,A
1,A,A,A,A,A
1,A,A,A,A,A
1,A,A,A,A,A
1,A,A,A,A,A
1,A,A,A,A,A
1,A,A,A,A,A
1,A,A,A,A,A
1,A,A,A,A,A
1,A,A,A,A,A
1,A,A,A,A,A
1,A,A,A,A,A
1,A,A,A,A,A
1,A,A,A,A,A
1,A,A,A,A,A
1,A,A,A,A,A
1,A,A,A,A,A
1,A,A,A,A,A
1,A,A,A,A,A
1,A,A,A,A,A
1,A,A,A,A,A
1,A,A,A,A,A
1,A,A,A,A,A
1,A,A,-,A,A
1,H,H,-,-,A
1,A,A,-,-,A
1,H,H,H,H,-
1,H,H,H,H,-
1,-,H,H,H,-
1,-,-,-,H,-
1,A,A,A,A,-
1,A,A,A,A,-
1,-,A,A,A,-
1,-,-,A,A,-
1,-,-,A,A,-
1,-,-,-,-,-
1,-,-,-,-,-
1,-,-,-,-,-
1,-,-,-,-,-
1,-,-,-,-,-
1,-,-,-,-,-
1,-,-,-,-,-
1,-,-,-,-,-
1,-,-,-,-,-
