HR,M1,M12,M19,M25,M5
,3,3,3,3,3
0,A,A,A,A,A
0,A,A,A,A,A
0,A,A,A,A,A
0,A,A,A,A,A
0,A,A,A,A,A
0,A,A,A,A,A
0,A,A,A,A,A
0,A,A,A,A,A
0,A,A,A,A,-
0,A,A,A,A,A
0,A,A,A,A,A
0,A,A,A,A,A
0,A,A,A,A,A
0,A,A,A,A,A
0,A,A,A,A,A
0,A,A,A,A,A
0,A,A,A,A,A
0,A,A,A,A,A
0,A,A,A,A,A
0,A,A,A,A,A
0,A,A,A,A,A
0,A,A,A,A,A
0,A,A,A,A,A
0,A,A,A,A,A
0,A,A,A,A,A
0,A,A,A,A,A
0,A,A,A,A,A
0,A,A,A,A,A
0,A,A,A,A,A
0,A,A,A,A,A
0,A,A,A,A,A
0,A,A,A,A,A
0,A,A,A,A,A
0,A,A,A,A,A
0,A,A,A,A,A
0,A,A,A,A,A
0,A,A,A,A,A
0,A,A,A,A,A
1,H,A,A,A,A
1,H,H,H,A,A
1,A,H,H,H,H
1,A,H,H,H,H
1,H,H,H,H,H
1,H,H,H,H,-
1,H,H,H,H,H
1,H,H,H,H,H
1,H,H,H,H,H
1,H,H,H,H,H
1,H,H,H,H,H
1,H,H,H,H,H
1,H,H,H,H,H
1,H,H,H,H,H
1,H,H,H,H,-
1,H,H,H,H,H
1,H,H,H,H,H
1,H,H,H,H,H
1,H,H,H,H,H
1,H,H,H,H,H
1,H,H,H,H,H
1,H,H,H,H,H
1,-,-,-,-,-
1,-,-,-,-,-
0,-,-,-,-,-
-,H,H,H,H,H
-,A,A,A,A,A
-,A,A,A,A,A
